Date,Confirmed,Deaths,Recovered,Active,NewConfirmed,NewDeaths,NewRecovered
2020-01-22,557,17,30,0,0.0,0.0,0.0
2020-01-23,1097,34,60,0,0.0,0.0,0.0
2020-01-24,941,26,39,0,0.0,0.0,0.0
2020-01-25,1434,42,42,0,0.0,0.0,0.0
2020-01-26,2116,56,56,0,0.0,0.0,0.0
2020-01-27,2925,82,65,0,0.0,0.0,0.0
2020-01-28,5576,131,108,0,0.0,0.0,0.0
2020-01-29,6160,133,127,0,0.0,0.0,0.0
2020-01-30,8228,172,145,0,0.0,0.0,0.0
2020-01-31,9918,214,225,0,0.0,0.0,0.0
2020-02-01,12030,260,287,0,0.0,0.0,0.0
2020-02-02,16779,364,476,0,0.0,0.0,0.0
2020-02-03,19873,428,627,0,0.0,0.0,0.0
2020-02-04,23882,494,857,0,0.0,0.0,0.0
2020-02-05,27624,566,1129,0,0.0,0.0,0.0
2020-02-06,30806,636,1492,0,0.0,0.0,0.0
2020-02-07,34380,721,2015,0,0.0,0.0,0.0
2020-02-08,37105,808,2615,0,0.0,0.0,0.0
2020-02-09,40135,908,3244,0,0.0,0.0,0.0
2020-02-10,42745,1015,3946,0,0.0,0.0,0.0
2020-02-11,44786,1115,4681,0,0.0,0.0,0.0
2020-02-12,45205,1120,5148,0,0.0,0.0,0.0
2020-02-13,60352,1373,6291,0,0.0,0.0,0.0
2020-02-14,66869,1525,8054,0,0.0,0.0,0.0
2020-02-15,69012,1668,9389,0,0.0,0.0,0.0
2020-02-16,71205,1772,10859,0,0.0,0.0,0.0
2020-02-17,73239,1870,12576,0,0.0,0.0,0.0
2020-02-18,75117,2009,14339,0,0.0,0.0,0.0
2020-02-19,75620,2124,16106,0,0.0,0.0,0.0
2020-02-20,76178,2249,18164,0,0.0,0.0,0.0
2020-02-21,76822,2253,18877,0,0.0,0.0,0.0
2020-02-22,78578,2461,22874,0,0.0,0.0,0.0
2020-02-23,78965,2472,23379,0,0.0,0.0,0.0
2020-02-24,79554,2632,25209,0,0.0,0.0,0.0
2020-02-25,80400,2711,27887,0,0.0,0.0,0.0
2020-02-26,81381,2773,30368,0,0.0,0.0,0.0
2020-02-27,82737,2817,33260,0,0.0,0.0,0.0
2020-02-28,84107,2875,36692,0,0.0,0.0,0.0
2020-02-29,85990,2945,39763,0,0.0,0.0,0.0
2020-03-01,88340,3000,42699,0,0.0,0.0,0.0
2020-03-02,90277,3090,45583,0,0.0,0.0,0.0
2020-03-03,92823,3164,48206,0,0.0,0.0,0.0
2020-03-04,95075,3259,51148,0,0.0,0.0,0.0
2020-03-05,97880,3354,53774,0,0.0,0.0,0.0
2020-03-06,101680,3468,55842,0,0.0,0.0,0.0
2020-03-07,105733,3572,58334,0,0.0,0.0,0.0
2020-03-08,109707,3814,60671,0,0.0,0.0,0.0
2020-03-09,113709,4018,62488,0,0.0,0.0,0.0
2020-03-10,118508,4281,64376,0,0.0,0.0,0.0
2020-03-11,125767,4640,66973,0,0.0,0.0,0.0
2020-03-12,128370,4761,68295,0,0.0,0.0,0.0
2020-03-13,145044,5458,70222,0,0.0,0.0,0.0
2020-03-14,155875,5884,72587,0,0.0,0.0,0.0
2020-03-15,167038,6546,75991,0,0.0,0.0,0.0
2020-03-16,181124,7258,78046,0,0.0,0.0,0.0
2020-03-17,196656,8093,80783,0,0.0,0.0,0.0
2020-03-18,214278,8994,83248,0,0.0,0.0,0.0
2020-03-19,241964,10146,84886,0,0.0,0.0,0.0
2020-03-20,271650,11669,87315,0,0.0,0.0,0.0
2020-03-21,304061,13425,91541,0,0.0,0.0,0.0
2020-03-22,338540,15225,97225,226599,-16306.0,-200.0,0.0
2020-03-23,378746,17284,100942,261429,47235.0,2598.0,5917.0
2020-03-24,417967,19595,107681,292363,13389.0,1505.0,4648.0
2020-03-25,468150,22490,113742,333529,37513.0,2650.0,5474.0
2020-03-26,529735,25583,122124,384803,43599.0,2828.0,8365.0
2020-03-27,593575,29086,130898,436766,46186.0,3130.0,8774.0
2020-03-28,663739,32917,139406,494794,48148.0,3319.0,8508.0
2020-03-29,720948,36555,149062,540466,40823.0,3253.0,9656.0
2020-03-30,783102,40756,164436,586879,41344.0,3701.0,15374.0
2020-03-31,859950,45715,178006,646596,50750.0,4093.0,13570.0
2020-04-01,938959,51643,193328,702438,50770.0,4616.0,15322.0
2020-04-02,1019743,57967,210514,760926,50777.0,5124.0,17186.0
2020-04-03,1103460,64230,226021,824481,51874.0,5088.0,15507.0
2020-04-04,1183807,70627,246372,884368,48376.0,5027.0,20351.0
2020-04-05,1254957,76117,260228,941107,44371.0,4250.0,13856.0
2020-04-06,1328035,82180,276860,993208,43216.0,4800.0,16632.0
2020-04-07,1401081,90121,300270,1038251,44602.0,5979.0,23410.0
2020-04-08,1486595,97210,329043,1090378,53088.0,5147.0,28773.0
2020-04-09,1569991,104929,354263,1144547,51506.0,5935.0,25220.0
2020-04-10,1663005,112425,376320,1212696,58651.0,5402.0,22057.0
2020-04-11,1741022,118952,402327,1261997,48857.0,4715.0,26007.0
2020-04-12,1839380,125387,421908,1337878,71468.0,4828.0,19581.0
2020-04-13,1910292,131500,448931,1386695,45733.0,4558.0,27023.0
2020-04-14,1981619,138610,474522,1430501,44974.0,4804.0,25591.0
2020-04-15,2063196,147503,511149,1471493,52206.0,6431.0,36627.0
2020-04-16,2158380,157597,542300,1530370,64992.0,5517.0,31151.0
2020-04-17,2246538,168222,568597,1586996,56434.0,6774.0,26297.0
2020-04-18,2327299,174373,592520,1645774,49381.0,4313.0,23923.0
2020-04-19,2406481,180580,624232,1694131,53933.0,4213.0,31712.0
2020-04-20,2478151,186493,646255,1739910,45835.0,4394.0,22023.0
2020-04-21,2555022,193360,680295,1779972,49686.0,4648.0,34040.0
2020-04-22,2634385,200350,709830,1826262,50234.0,4826.0,29535.0
2020-04-23,2713738,208703,738572,1872584,52744.0,5089.0,28742.0
2020-04-24,2815907,215312,793484,1933323,68259.0,4754.0,54912.0
2020-04-25,2902466,221393,816725,1993128,53988.0,4309.0,23241.0
2020-04-26,2975853,225949,865980,2021567,47153.0,3377.0,49255.0
2020-04-27,3047262,231348,894329,2064525,47368.0,4028.0,28349.0
2020-04-28,3122251,237825,928961,2104258,50950.0,4416.0,34632.0
2020-04-29,3201359,244833,972917,2134045,51850.0,4600.0,43956.0
2020-04-30,3264847,250829,1015101,2183473,34533.0,4119.0,42184.0
2020-05-01,3352444,256400,1053579,2238508,54320.0,3671.0,38478.0
2020-05-02,3434567,262239,1093136,2289100,54843.0,4248.0,39557.0
2020-05-03,3511394,266672,1125477,2336285,52846.0,3085.0,32341.0
2020-05-04,3587363,271513,1162964,2378333,54168.0,3596.0,37487.0
2020-05-05,3666620,277344,1199005,2419333,56001.0,3858.0,36041.0
2020-05-06,3760422,284131,1245699,2461041,70355.0,4633.0,46694.0
2020-05-07,3851319,290307,1285084,2512289,62406.0,4008.0,39385.0
2020-05-08,3943022,295970,1322256,2566143,65079.0,4182.0,37172.0
2020-05-09,4027989,300969,1375721,2607716,60642.0,3437.0,53465.0
2020-05-10,4105538,305107,1409292,2652795,58626.0,3356.0,33571.0
2020-05-11,4180750,309408,1456412,2694178,57406.0,3150.0,47120.0
2020-05-12,4266190,315180,1493638,2734577,63181.0,4154.0,37226.0
2020-05-13,4351287,320626,1548787,2773779,65400.0,3842.0,55149.0
2020-05-14,4444168,326167,1588128,2795317,66108.0,3369.0,67620.0
2020-05-15,4544460,331867,1637397,2845535,76170.0,4162.0,49269.0
2020-05-16,4635772,336374,1693346,2894794,67343.0,3371.0,55949.0
2020-05-17,4716270,340315,1734213,2934583,61608.0,3114.0,40867.0
2020-05-18,4804636,344312,1787120,2978472,67385.0,3192.0,52907.0
2020-05-19,4899546,349301,1839187,3166406,75321.0,3565.0,-98309.0
2020-05-20,5001583,354707,1897700,3345669,50409.0,2463.0,46533.0
2020-05-21,5106889,359762,1948928,3410191,81270.0,3835.0,51228.0
2020-05-22,5216630,365450,2056728,3467786,86074.0,4479.0,107800.0
2020-05-23,5315184,369863,2112133,3526598,78903.0,3376.0,55405.0
2020-05-24,5410897,373389,2168598,3578602,75992.0,2907.0,56465.0
2020-05-25,5499870,375034,2231779,3618604,69941.0,1131.0,63181.0
2020-05-26,5593801,379843,2286935,3521002,76464.0,4157.0,55156.0
2020-05-27,5695337,385058,2350001,3572640,83245.0,3801.0,63066.0
2020-05-28,5813615,390066,2415879,3699783,91655.0,3338.0,62461.0
2020-05-29,5929622,395099,2493373,3756689,91907.0,3850.0,77494.0
2020-05-30,6062485,399596,2564528,3842731,110179.0,3547.0,71155.0
2020-05-31,6166368,402905,2641228,3907555,85127.0,2725.0,76700.0
2020-06-01,6269718,406634,2695936,3969276,72580.0,2817.0,50562.0
2020-06-02,6391828,411897,2729443,4048042,102979.0,4333.0,33507.0
2020-06-03,6507301,417487,2804885,4119086,97043.0,4636.0,75442.0
2020-06-04,6642802,423046,2869883,4201164,109057.0,4555.0,64998.0
2020-06-05,6782602,428362,3013058,4289696,108594.0,4154.0,143175.0
2020-06-06,6904281,432532,3085759,4365957,100633.0,3485.0,72701.0
2020-06-07,7017120,435799,3140854,4442292,95519.0,2828.0,55095.0
2020-06-08,7126211,440355,3293390,4128253,92604.0,4091.0,436488.0
2020-06-09,7250986,445373,3375643,4178852,105111.0,4093.0,82248.0
2020-06-10,7371427,450378,3454810,4231647,98388.0,4136.0,78636.0
2020-06-11,7523351,456015,3540696,4309308,130435.0,4824.0,85886.0
2020-06-12,7640864,460392,3613273,4367912,92114.0,3558.0,72577.0
2020-06-13,7773608,464880,3698258,4432041,108741.0,3793.0,84985.0
2020-06-14,7906895,468602,3769700,4506555,114475.0,3405.0,71442.0
2020-06-15,8045469,473068,3857394,4570123,118105.0,4080.0,87694.0
2020-06-16,8187327,480112,3955247,4624901,117483.0,6288.0,97853.0
2020-06-17,8364105,485615,4074077,4716566,150268.0,4770.0,118830.0
2020-06-18,8505837,490955,4155242,4783380,114513.0,4652.0,81165.0
2020-06-19,8686566,497335,4245895,4878954,150477.0,5749.0,90653.0
2020-06-20,8838797,501839,4378402,4894337,121061.0,3952.0,132507.0
2020-06-21,8967316,506383,4447182,4992041,102977.0,4271.0,68780.0
2020-06-22,9114551,510513,4526436,5078225,117381.0,3727.0,79254.0
2020-06-23,9282574,515997,4630474,5150818,130856.0,4788.0,104038.0
2020-06-24,9450216,521401,4746192,5215126,131811.0,4672.0,115718.0
2020-06-25,9630420,528317,4839023,5305967,141440.0,4505.0,92831.0
2020-06-26,9823449,533425,4944925,5406771,144585.0,4489.0,105902.0
2020-06-27,9999244,538191,5051153,5491329,135209.0,4281.0,106228.0
2020-06-28,10172792,541864,5140271,5582733,131068.0,3372.0,89118.0
2020-06-29,10324736,545838,5235190,5427823,110917.0,3661.0,94919.0
2020-06-30,10508195,551781,5352667,5499939,135393.0,4746.0,117477.0
2020-07-01,10722700,557046,5577067,5499573,166621.0,4628.0,224400.0
2020-07-02,10896715,562528,5753446,5551914,121154.0,4780.0,176379.0
2020-07-03,11102989,567837,5863275,5654246,152497.0,4643.0,109829.0
2020-07-04,11291871,572582,6058920,5756775,143529.0,4476.0,195645.0
2020-07-05,11478228,576479,6178402,5833152,133486.0,3595.0,119482.0
2020-07-06,11649436,580721,6302109,5895061,127897.0,3889.0,123707.0
2020-07-07,11857625,587046,6447147,5967628,151524.0,5210.0,145038.0
2020-07-08,12072456,592616,6605163,6038389,155619.0,4793.0,158016.0
2020-07-09,12295715,598449,6739826,6140492,164214.0,4830.0,134663.0
2020-07-10,12527324,604162,6879277,6243407,164052.0,4944.0,139451.0
2020-07-11,12742045,609321,7005038,6347533,155201.0,4426.0,125761.0
2020-07-12,12934880,613622,7116853,6439488,133584.0,3893.0,111815.0
2020-07-13,13131149,618120,7257244,6515870,129401.0,3914.0,140391.0
2020-07-14,13350399,624050,7399401,6606219,162180.0,5219.0,142157.0
2020-07-15,13580726,629937,7559204,6701840,165492.0,4980.0,159803.0
2020-07-16,13822777,636073,7711592,6811417,172626.0,5189.0,152388.0
2020-07-17,14068272,642956,7895068,6891907,180422.0,5990.0,183476.0
2020-07-18,14304344,649477,8045835,6980435,160443.0,5489.0,150767.0
2020-07-19,14516858,654333,8133852,7110841,153783.0,4434.0,88017.0
2020-07-20,14719071,657849,8290752,7196335,142529.0,3116.0,156900.0
2020-07-21,14968499,664476,8467517,7279153,181569.0,5601.0,176765.0
2020-07-22,15243479,671882,8646272,7404895,208441.0,6202.0,178755.0
2020-07-23,15523163,678531,8823667,7529562,212913.0,5582.0,177395.0
2020-07-24,15807529,685096,9051967,7609047,211410.0,5376.0,228300.0
2020-07-25,16056175,691183,9271779,7656071,186373.0,5134.0,219812.0
2020-07-26,16261367,695337,9409710,7748207,148779.0,3597.0,137931.0
2020-07-27,16504077,700889,9586463,7832739,183456.0,4460.0,176753.0
2020-07-28,16719464,706988,9721635,7926451,151190.0,4971.0,135172.0
2020-07-29,17037901,714352,9959507,8054721,253425.0,5989.0,237872.0
2020-07-30,17320299,721258,10173026,8143448,213387.0,5497.0,213519.0
2020-07-31,17607667,727898,10372632,8251747,223750.0,5435.0,199606.0
2020-08-01,17854542,733908,10553543,8343588,189120.0,4905.0,180911.0
2020-08-02,18085518,738603,10692267,8445755,184240.0,4220.0,138724.0
2020-08-03,18292815,743467,10914712,8474521,165370.0,4278.0,222445.0
2020-08-04,18558420,750662,11135939,8520374,203597.0,5919.0,221227.0
2020-08-05,18833056,758052,11357634,8621291,224988.0,6231.0,221695.0
2020-08-06,19120006,765501,11546441,8731807,227552.0,5658.0,188807.0
2020-08-07,19402658,772261,11738487,8846147,222723.0,5468.0,192046.0
2020-08-08,19668261,778277,11938731,8924107,201742.0,4963.0,200244.0
2020-08-09,19902073,783471,12117482,8986830,179131.0,4626.0,178751.0
2020-08-10,20136916,788844,12281693,9055295,183756.0,4864.0,164211.0
2020-08-11,20400631,795455,12586761,9055183,204853.0,5338.0,305068.0
2020-08-12,20686122,802648,12828273,9140626,231436.0,5676.0,241512.0
2020-08-13,20965325,809221,12991322,9270221,228477.0,5549.0,163049.0
2020-08-14,21271043,815789,13274564,9388836,236292.0,5289.0,283242.0
2020-08-15,21522933,821844,13443168,9422879,199509.0,5001.0,168604.0
2020-08-16,21733669,826640,13676122,9421325,175755.0,4194.0,232954.0
2020-08-17,21947257,831262,13887134,9455850,176614.0,4173.0,211012.0
2020-08-18,22206466,838309,14114729,9513524,214547.0,5837.0,227595.0
2020-08-19,22483204,844751,14332726,9594501,231979.0,5685.0,217997.0
2020-08-20,22754568,851177,14540516,9678088,226371.0,5362.0,207790.0
2020-08-21,23017140,856953,14709010,9783706,214651.0,4673.0,168494.0
2020-08-22,23269527,862351,14908069,9854611,207170.0,4444.0,199059.0
2020-08-23,23483447,867054,15135051,9871622,182100.0,4232.0,226982.0
2020-08-24,23713087,871898,15334472,9914923,195718.0,4396.0,199421.0
2020-08-25,23958083,878457,15566021,9969768,202850.0,5352.0,231549.0
2020-08-26,24237896,884985,15791656,10048383,239905.0,5423.0,225635.0
2020-08-27,24522069,891213,16000170,10139461,234202.0,5116.0,208514.0
2020-08-28,24806480,897057,16199748,10243735,238401.0,4930.0,199578.0
2020-08-29,25068079,902845,16411128,10323673,217858.0,4838.0,211380.0
2020-08-30,25287896,907113,16621343,10352581,185966.0,3838.0,210215.0
2020-08-31,25554921,911487,16822116,10449437,231759.0,3940.0,200773.0
2020-09-01,25822162,918101,17077390,10488766,225078.0,5560.0,255274.0
2020-09-02,26103426,924422,17295477,10583248,242566.0,5259.0,218087.0
2020-09-03,26381436,930520,17516846,10665690,240788.0,5091.0,221369.0
2020-09-04,26675213,936088,17721277,10796584,245298.0,4629.0,204431.0
2020-09-05,26948723,941195,17921784,10880339,230372.0,4315.0,200507.0
2020-09-06,27186696,945594,18143126,10915360,209088.0,3975.0,221342.0
2020-09-07,27399603,955007,18329624,10966347,187982.0,9104.0,186498.0
2020-09-08,27642844,960119,18529250,11025116,216859.0,4653.0,199626.0
2020-09-09,27937106,966613,18781962,11103092,260171.0,5380.0,252712.0
2020-09-10,28239846,972611,18998623,11195227,264886.0,5109.0,216661.0
2020-09-11,28556385,978604,19222293,11309291,272230.0,4863.0,223670.0
2020-09-12,28845834,983667,19445227,11400161,243825.0,4333.0,222934.0
2020-09-13,29094947,987624,19633075,11468472,208806.0,3579.0,187848.0
2020-09-14,29278223,991173,19782282,11524925,151128.0,3139.0,149207.0
2020-09-15,29642345,998798,20086277,11609739,327310.0,6445.0,303995.0
2020-09-16,29946499,1004666,20315754,11715961,266958.0,4945.0,229477.0
2020-09-17,30262129,1010311,20535965,11833560,270616.0,4821.0,220211.0
2020-09-18,30589059,1016166,20787114,11918827,277116.0,4903.0,251149.0
2020-09-19,30882961,1021437,21024099,11990936,248342.0,4616.0,236985.0
2020-09-20,31138722,1025409,21261176,12030161,213954.0,3735.0,237077.0
2020-09-21,31398736,1029835,21506654,12080414,228525.0,4024.0,245478.0
2020-09-22,31683028,1035994,21724452,12172705,246461.0,5152.0,217798.0
2020-09-23,31993227,1042535,21987865,12230416,270520.0,5507.0,263413.0
2020-09-24,32314647,1048198,22243535,12362084,272723.0,4784.0,255670.0
2020-09-25,32650093,1054215,22482743,12470085,283751.0,5114.0,239208.0
2020-09-26,32935882,1059645,22744886,12536503,241830.0,4687.0,262143.0
2020-09-27,33183608,1063517,22958765,12589795,213794.0,3582.0,213879.0
2020-09-28,33445933,1067624,23181307,12650233,225976.0,3784.0,222542.0
2020-09-29,33728933,1073688,23421346,12713129,240630.0,5196.0,240039.0
2020-09-30,34053284,1080119,23669564,12817131,284758.0,5523.0,248218.0
2020-10-01,34366260,1088868,23882865,12941757,267227.0,7855.0,213301.0
2020-10-02,34703592,1094737,24063391,13074898,283801.0,5006.0,180526.0
2020-10-03,34986631,1099531,24318992,13175927,234024.0,4129.0,255601.0
2020-10-04,35260503,1103567,24541151,13231110,240924.0,3669.0,222159.0
2020-10-05,35571660,1110648,24778619,13310574,273402.0,6629.0,237468.0
2020-10-06,35887122,1116503,25009732,13428542,271073.0,5165.0,231113.0
2020-10-07,36234344,1122427,25264923,13575712,299620.0,5037.0,255191.0
2020-10-08,36596676,1128802,25484500,13737584,304880.0,5422.0,219577.0
2020-10-09,36956685,1134974,25691357,13906815,305362.0,5235.0,206857.0
2020-10-10,37309299,1139873,25886762,14090071,298008.0,4263.0,195405.0
2020-10-11,37598560,1144047,26109402,14175531,243139.0,3738.0,222640.0
2020-10-12,37890958,1148163,26309717,14293692,249680.0,3741.0,200315.0
2020-10-13,38210052,1153525,26498938,14439508,269214.0,4612.0,189221.0
2020-10-14,38590731,1159686,26711281,14639735,322544.0,5184.0,212343.0
2020-10-15,38998000,1165883,26918202,14861579,344082.0,5381.0,206921.0
2020-10-16,39408095,1172081,27121216,15104133,340788.0,5299.0,203014.0
2020-10-17,39779819,1177778,27319499,15292976,317618.0,4948.0,198283.0
2020-10-18,40111108,1181699,27521010,15418427,279589.0,3511.0,201511.0
2020-10-19,40489029,1186528,27723541,15645619,309954.0,4333.0,202531.0
2020-10-20,40877026,1193156,27931676,15846980,326171.0,5701.0,208135.0
2020-10-21,41316572,1200064,28142898,16101308,379653.0,5753.0,211222.0
2020-10-22,41792519,1206023,28369691,16379081,396820.0,5111.0,226793.0
2020-10-23,42296232,1213123,28576425,16694862,422037.0,6159.0,206734.0
2020-10-24,42748748,1219024,28788006,16968581,375235.0,4957.0,211581.0
2020-10-25,43152922,1223338,28986100,17186136,344354.0,3905.0,198094.0
2020-10-26,43593373,1229170,29224399,17426877,376896.0,5306.0,238299.0
2020-10-27,44065206,1236559,29814104,17328705,392903.0,6386.0,589705.0
2020-10-28,44585135,1243743,30076741,17614008,433334.0,6163.0,262637.0
2020-10-29,45131618,1250988,30323492,17946542,454850.0,6256.0,246751.0
2020-10-30,45699309,1259029,29715703,19129532,468298.0,7005.0,-607789.0
2020-10-31,46179932,1265717,30845019,18518365,395030.0,5723.0,1129316.0
2020-11-01,46619979,1271062,31102836,18748249,363176.0,4851.0,257817.0
2020-11-02,47120677,1277200,31383406,19317196,417040.0,5454.0,280570.0
2020-11-03,47650525,1286395,31634979,19304362,403954.0,7563.0,251573.0
2020-11-04,48232125,1296709,31914298,19653666,481581.0,9222.0,279319.0
2020-11-05,48852254,1305461,32217953,19982866,491894.0,7541.0,303655.0
2020-11-06,49475830,1314642,32506314,20359306,495964.0,7989.0,288361.0
2020-11-07,50074306,1322453,32805330,20696050,472669.0,6676.0,299016.0
2020-11-08,50567108,1328842,33058570,20959013,375411.0,5829.0,253240.0
2020-11-09,51044025,1336418,33315623,21207722,392310.0,6784.0,257053.0
2020-11-10,51617818,1346271,33572983,21543466,431559.0,8362.0,257360.0
2020-11-11,52242726,1356707,33953207,21838997,477807.0,8943.0,380224.0
2020-11-12,52883540,1366586,34179446,23047344,478407.0,8354.0,-478828.0
2020-11-13,53544408,1376483,34481578,23448427,484539.0,8720.0,302132.0
2020-11-14,54129713,1385652,34759397,23821253,425083.0,7786.0,277819.0
2020-11-15,54612619,1392579,34990157,24082331,346303.0,6182.0,230760.0
2020-11-16,55138446,1400617,35379590,24296032,372380.0,7176.0,389433.0
2020-11-17,55749921,1411663,35814478,24516986,446303.0,9323.0,434888.0
2020-11-18,56372260,1423068,36177588,24831414,452262.0,9508.0,363110.0
2020-11-19,57026326,1434208,36551887,25169069,464457.0,9155.0,374299.0
2020-11-20,57700030,1445986,36907311,25526316,475960.0,9817.0,355424.0
2020-11-21,58291148,1455291,37246581,25843228,416044.0,7696.0,339270.0
2020-11-22,58782766,1462960,37520305,26061790,349294.0,6604.0,273724.0
2020-11-23,59317794,1471684,37931518,26276722,353234.0,7603.0,411213.0
2020-11-24,59906277,1484289,38303697,26558271,415614.0,10459.0,372166.0
2020-11-25,60534337,1496188,38741107,26895626,449631.0,9703.0,437410.0
2020-11-26,61121600,1507130,39107983,27150326,476485.0,9551.0,366876.0
2020-11-27,61817432,1518650,39489609,27521438,483210.0,9915.0,381626.0
2020-11-28,62422599,1528165,39849315,27824579,440166.0,8125.0,359706.0
2020-11-29,62911281,1535818,40167598,28040249,351113.0,6628.0,318283.0
2020-11-30,63419413,1544897,40569854,28223232,351470.0,7680.0,402256.0
2020-12-01,64040834,1557398,41046058,28437311,425122.0,10040.0,476204.0
2020-12-02,64681738,1569767,41508984,28723091,447661.0,9539.0,462926.0
2020-12-03,65370512,1582473,41935968,29071272,473583.0,9837.0,426984.0
2020-12-04,66060809,1594903,42426585,29336763,458878.0,9833.0,490617.0
2020-12-05,66710930,1605507,42862533,29652036,434502.0,8231.0,435948.0
2020-12-06,67252764,1613602,43178577,29924313,367196.0,6695.0,316044.0
2020-12-07,67779504,1622434,43591716,30115570,333390.0,7219.0,413139.0
2020-12-08,68418798,1634604,44032487,30396471,415397.0,9589.0,440771.0
2020-12-09,69082997,1647040,44458967,30742203,452550.0,9520.0,426480.0
2020-12-10,70581381,1659458,44950193,31845533,1266446.0,9544.0,491226.0
2020-12-11,71285587,1672640,45428333,32223366,471354.0,9894.0,478140.0
2020-12-12,71934506,1683469,46933276,31470362,429934.0,8356.0,1504943.0
2020-12-13,72473093,1691698,47328395,31655898,351263.0,6685.0,395119.0
2020-12-14,73015646,1700892,47737929,31881773,336365.0,7519.0,409534.0
2020-12-15,73667893,1714267,41696562,32174557,427400.0,10517.0,-6041367.0
2020-12-16,74386421,1728021,42058782,32541911,488531.0,10150.0,362220.0
2020-12-17,75125552,1741187,42434191,32903071,503083.0,9825.0,375409.0
2020-12-18,75847994,1754252,42751919,33306589,480545.0,10152.0,317728.0
2020-12-19,76480825,1765510,43103505,33579958,430855.0,8560.0,351586.0
2020-12-20,77019408,1773888,43380334,33834160,354805.0,6710.0,276829.0
2020-12-21,77567255,1783372,43723554,34033152,353176.0,7697.0,343220.0
2020-12-22,78229303,1797389,44086739,34330274,459069.0,10767.0,363185.0
2020-12-23,78911364,1810956,44410879,34697537,465964.0,10341.0,324140.0
2020-12-24,79605308,1823165,44725551,35065470,486409.0,9394.0,314672.0
2020-12-25,80087263,1831789,45017157,35255965,358386.0,7147.0,291606.0
2020-12-26,80620295,1840141,45425321,35357629,318284.0,6463.0,408164.0
2020-12-27,81036572,1848294,45717709,35499670,282067.0,6714.0,292388.0
2020-12-28,81537064,1857839,46016135,35693537,328490.0,7688.0,298426.0
2020-12-29,82204654,1872980,46369230,36009543,462886.0,11656.0,353095.0
2020-12-30,82929212,1888217,46757475,36358312,509792.0,11412.0,388245.0
2020-12-31,83770438,1901678,47055807,36835255,532071.0,10326.0,298332.0
2021-01-01,84335814,1911317,47359111,37140221,391043.0,7424.0,303304.0
2021-01-02,84941812,1920778,47614296,37443090,337887.0,6909.0,255185.0
2021-01-03,85463217,1928717,47882778,37704437,320834.0,6568.0,268481.0
2021-01-04,86021280,1938667,48173186,37961977,373431.0,7974.0,290408.0
2021-01-05,86759113,1954106,48488547,38384095,508905.0,11929.0,315361.0
2021-01-06,87547632,1969026,48801672,38856115,533559.0,11114.0,313125.0
2021-01-07,88433849,1983966,49125603,39417322,605378.0,11020.0,323931.0
2021-01-08,89264837,1999256,49422866,39931255,533511.0,11116.0,297263.0
2021-01-09,90024814,2012569,49753111,40360920,500932.0,10192.0,330245.0
2021-01-10,90616780,2022125,50023661,40681344,384922.0,7490.0,270550.0
2021-01-11,91231716,2032404,50313949,41007858,413795.0,8460.0,290288.0
2021-01-12,91930664,2049598,50657506,41358371,479175.0,12920.0,343557.0
2021-01-13,92674436,2065827,51023567,41734790,519012.0,12338.0,366061.0
2021-01-14,93433812,2081547,51396412,42120977,527341.0,12006.0,372845.0
2021-01-15,94217010,2097262,51717034,42574842,542532.0,11958.0,320622.0
2021-01-16,94873883,2111291,52034089,42904326,443326.0,10533.0,317055.0
2021-01-17,95396881,2121160,52349804,43119259,349248.0,7882.0,315715.0
2021-01-18,95918729,2131605,52668557,43325882,383348.0,8893.0,318753.0
2021-01-19,96502174,2147550,53071501,43520308,427475.0,13595.0,402944.0
2021-01-20,97198338,2165030,53399272,43889802,511229.0,13139.0,327771.0
2021-01-21,97857439,2182320,53765411,44168306,469731.0,13284.0,366139.0
2021-01-22,98521638,2198378,54147168,44458325,475734.0,12349.0,381757.0
2021-01-23,99107510,2212942,54463661,44725873,411179.0,11093.0,316493.0
2021-01-24,99564838,2222704,54774618,44884039,319004.0,7958.0,310957.0
2021-01-25,100047314,2233845,55089059,45070033,354644.0,9398.0,314441.0
2021-01-26,100612050,2251259,55418602,45300740,415423.0,13455.0,329543.0
2021-01-27,101213397,2268175,55759371,45561599,448863.0,12913.0,340769.0
2021-01-28,101820619,2284701,56075030,45861254,443383.0,12806.0,315659.0
2021-01-29,102416688,2300460,56439137,46088337,435002.0,12206.0,364107.0
2021-01-30,102931940,2313744,56790303,46268481,367135.0,10528.0,351166.0
2021-01-31,103327119,2323292,57079202,46377204,284091.0,7638.0,288899.0
2021-02-01,103767753,2333535,57351844,46556576,316345.0,8491.0,272642.0
2021-02-02,104231025,2348391,57702034,46666951,347616.0,11372.0,350190.0
2021-02-03,104754575,2364250,58031881,46865754,401071.0,12100.0,329847.0
2021-02-04,105226342,2377177,58325870,47036573,348770.0,9106.0,293989.0
2021-02-05,105763461,2394353,58607157,47296592,408576.0,13574.0,281287.0
2021-02-06,106198815,2406208,58901714,47400352,321095.0,9177.0,294557.0
2021-02-07,106554213,2413975,59179149,47530414,267720.0,6332.0,277435.0
2021-02-08,106895877,2423533,59411983,47619699,259972.0,8127.0,232834.0
2021-02-09,107299383,2438261,59783591,47683898,308851.0,11762.0,371608.0
2021-02-10,107737518,2452117,60052899,47853665,344136.0,10559.0,269308.0
2021-02-11,108181428,2465986,60328984,48017223,339265.0,10750.0,276085.0
2021-02-12,108612114,2478864,60616583,48175305,332403.0,10093.0,287599.0
2021-02-13,108993711,2489550,60862826,48304061,292656.0,8458.0,246243.0
2021-02-14,109303405,2496653,61058257,48413658,242527.0,5960.0,195431.0
2021-02-15,109587701,2504469,61346870,48423767,229044.0,6885.0,288613.0
2021-02-16,109947846,2515572,61582275,48535338,301153.0,9477.0,235405.0
2021-02-17,110327559,2526925,61876216,48640996,311576.0,8995.0,293941.0
2021-02-18,110738831,2538914,62112834,48807572,340153.0,9463.0,236618.0
2021-02-19,111148624,2550572,62347470,48979577,336137.0,9155.0,234636.0
2021-02-20,111523022,2559668,62616686,49099320,301960.0,7216.0,269216.0
2021-02-21,111844858,2566459,62833943,49207250,267403.0,5597.0,217257.0
2021-02-22,112142006,2573705,63016513,49321031,241916.0,6053.0,182570.0
2021-02-23,112531979,2585184,63295143,49434384,317072.0,9246.0,278630.0
2021-02-24,112975153,2597625,63504602,49674764,369688.0,9274.0,209459.0
2021-02-25,113434649,2608628,63732294,49892756,383755.0,8528.0,227692.0
2021-02-26,113870838,2619176,63992562,50088521,362287.0,8452.0,260268.0
2021-02-27,114267621,2627906,64243284,50235499,326963.0,7232.0,250722.0
2021-02-28,114577732,2634405,64418461,50367007,259146.0,5429.0,175177.0
2021-03-01,114884291,2641912,64633387,50455958,257138.0,6298.0,214926.0
2021-03-02,115194040,2652168,64903491,50511781,251761.0,8357.0,270104.0
2021-03-03,115635706,2663725,65132899,50726193,375786.0,9016.0,229408.0
2021-03-04,116094361,2674130,65383179,50933341,391243.0,8552.0,250280.0
2021-03-05,116542812,2684671,65609539,51145627,382211.0,8804.0,226360.0
2021-03-06,116957823,2692927,65846042,51341023,355088.0,6816.0,236503.0
2021-03-07,117334466,2699008,66084362,22861970,335810.0,5382.0,238320.0
2021-03-08,117640257,2706201,66358920,22855900,261909.0,6479.0,274558.0
2021-03-09,118050871,2716693,66621153,22953247,355692.0,8752.0,262233.0
2021-03-10,118516692,2726848,66856509,23133496,409300.0,8639.0,235356.0
2021-03-11,118997553,2737061,67129126,23280137,420148.0,8683.0,272617.0
2021-03-12,119486550,2746925,67397682,23445160,427662.0,8444.0,268556.0
2021-03-13,119950323,2755577,67650214,23599819,408489.0,7650.0,252532.0
2021-03-14,120310301,2761568,67895902,23684398,321928.0,5407.0,245688.0
2021-03-15,120666057,2769075,68185781,23692930,305028.0,6867.0,289879.0
2021-03-16,121128240,2779688,68452266,23835134,407957.0,9378.0,266485.0
2021-03-17,121673755,2790278,68716802,24077257,487073.0,9409.0,264536.0
2021-03-18,122220434,2800999,68985878,24295144,485521.0,9101.0,269076.0
2021-03-19,122782755,2811815,69264939,24514708,502391.0,9807.0,279061.0
2021-03-20,123281830,2820558,69523150,24696718,441816.0,8024.0,258211.0
2021-03-21,123725501,2829110,69803249,24840794,408827.0,7855.0,280099.0
2021-03-22,124148124,2837075,70137878,24875214,374962.0,7420.0,334629.0
2021-03-23,124657028,2848560,70451020,25025199,456891.0,10526.0,313142.0
2021-03-24,125287789,2859168,70786662,25241742,544310.0,9232.0,335642.0
2021-03-25,125940101,2870721,71098479,25517917,585936.0,10219.0,311817.0
2021-03-26,126579171,2883490,71463065,25715674,564166.0,11629.0,364586.0
2021-03-27,127165588,2893700,71768318,25948839,523648.0,9410.0,305253.0
2021-03-28,127650804,2900985,72097106,26046194,439594.0,6849.0,328788.0
2021-03-29,128111704,2909648,72401542,26142064,395053.0,8033.0,304436.0
2021-03-30,128678694,2921549,72736785,26311199,505729.0,11025.0,335243.0
2021-03-31,129353107,2934479,73119294,26547683,606311.0,11878.0,382509.0
2021-04-01,130064248,2946781,73464080,26834374,635406.0,11213.0,344786.0
2021-04-02,130706644,2957433,73784287,27093867,569931.0,9773.0,320207.0
2021-04-03,131238962,2966772,74150288,27191829,468638.0,8587.0,366001.0
2021-04-04,131802560,2974200,74498476,27364584,526234.0,7111.0,348188.0
2021-04-05,132299092,2982454,74846289,27442639,429258.0,7797.0,347813.0
2021-04-06,132909165,2994907,75216285,27608547,547539.0,11642.0,369996.0
2021-04-07,133574580,3010266,75699590,27735955,591038.0,12777.0,483305.0
2021-04-08,134411842,3024566,76094849,28099771,758542.0,13301.0,395259.0
2021-04-09,135158963,3038911,76548562,28322653,663954.0,13460.0,453713.0
2021-04-10,135830002,3051917,76933556,28537017,601715.0,12258.0,384994.0
2021-04-11,136530608,3061040,77464028,28647007,654020.0,8833.0,530472.0
2021-04-12,137146036,3070948,77858760,28803658,553122.0,9457.0,394732.0
2021-04-13,137918865,3084742,78345222,29017459,693201.0,12945.0,486462.0
2021-04-14,138728586,3098832,78792112,29308109,736093.0,13166.0,446890.0
2021-04-15,139548925,3112488,79236514,29604912,747494.0,12762.0,444402.0
2021-04-16,140409303,3125868,79740631,29878129,779205.0,12521.0,504117.0
2021-04-17,141204037,3138484,80259167,30093778,740411.0,11914.0,518536.0
2021-04-18,141895521,3147623,80839358,30159822,648283.0,8791.0,580191.0
2021-04-19,142588661,3158756,81374733,30258451,633948.0,10644.0,535375.0
2021-04-20,143433158,3173050,81979570,30448236,782960.0,13467.0,604837.0
2021-04-21,144316580,3187803,82491870,30752578,819798.0,13870.0,512300.0
2021-04-22,145220113,3201724,83128166,30946946,838251.0,12992.0,636296.0
2021-04-23,146127717,3216985,83767998,31144356,845884.0,14515.0,639832.0
2021-04-24,146947753,3230117,84344289,31345908,766675.0,12390.0,576291.0
2021-04-25,147681536,3240890,84878103,31497222,699977.0,10466.0,533814.0
2021-04-26,148366374,3252520,85565469,31465561,642262.0,11158.0,687366.0
2021-04-27,149205875,3267521,86246373,31574029,788102.0,14340.0,680904.0
2021-04-28,150108144,3283466,86843038,31823437,847394.0,14974.0,596665.0
2021-04-29,151003142,3299205,87550354,31942429,838134.0,14871.0,707316.0
2021-04-30,151891900,3313624,88236950,32083419,831920.0,13628.0,686596.0
2021-05-01,152689232,3326663,88919400,32148484,749890.0,12298.0,682450.0
2021-05-02,153372559,3336994,89612414,32099628,653267.0,10007.0,693014.0
2021-05-03,154062369,3348679,90255903,32088615,645032.0,11202.0,643489.0
2021-05-04,154853887,3362738,90912803,32191696,749459.0,13224.0,656900.0
2021-05-05,155696869,3377642,91626285,32269565,798037.0,14108.0,713482.0
2021-05-06,156568473,3392218,92301897,32412210,826296.0,13792.0,675612.0
2021-05-07,157402785,3406683,92998026,32489666,786901.0,13715.0,696129.0
2021-05-08,158192487,3420012,93709031,32535452,755319.0,12694.0,711005.0
2021-05-09,158835635,3430486,94371824,32490867,620760.0,10215.0,662793.0
2021-05-10,159462695,3441578,95000510,32443032,594678.0,10695.0,628686.0
2021-05-11,160192481,3455749,95751514,32387734,695025.0,13502.0,751004.0
2021-05-12,160960813,3469890,96399063,32458866,732789.0,13380.0,647549.0
2021-05-13,161687071,3483325,97089180,32445357,688943.0,12704.0,690117.0
2021-05-14,162400071,3496353,97754527,32459157,671785.0,12409.0,665347.0
2021-05-15,163030695,3508638,98397064,32406742,600686.0,11771.0,642537.0
2021-05-16,163580540,3518939,99064468,32274555,532471.0,10037.0,667404.0
2021-05-17,164122646,3530269,99808930,32032365,516953.0,10944.0,744462.0
2021-05-18,164739620,3544345,100552043,31882102,588372.0,13301.0,743113.0
2021-05-19,165411121,3557802,101250070,31819392,642857.0,12813.0,698027.0
2021-05-20,165695744,3570982,101886759,31427309,255036.0,12506.0,636689.0
2021-05-21,166324156,3583958,102501547,31404716,600190.0,12379.0,614788.0
2021-05-22,166896308,3595403,103118308,31343677,551548.0,10961.0,616761.0
2021-05-23,167380564,3605267,103620279,31303695,470703.0,9663.0,501971.0
2021-05-24,167832252,3614413,104247871,31101767,429974.0,8720.0,627592.0
2021-05-25,168365213,3627395,104824934,31029038,509521.0,12346.0,577063.0
2021-05-26,168931209,3640202,105380747,31015880,541970.0,11833.0,555813.0
2021-05-27,169477188,3653142,106078105,30841539,519853.0,11605.0,697358.0
2021-05-28,169983885,3665163,106633068,30760673,485127.0,11490.0,554963.0
2021-05-29,170465537,3675970,107140668,30718167,468912.0,10484.0,507600.0
2021-05-30,170858635,3684370,107630597,30606358,386004.0,8252.0,489929.0
2021-05-31,171244210,3693067,108159766,30451563,379331.0,8518.0,529169.0
2021-06-01,171702414,3708281,108743649,30296365,437398.0,14578.0,583883.0
2021-06-02,172190195,3720207,109272023,30346476,471529.0,11373.0,528374.0
2021-06-03,172671641,3730365,109701213,30274930,463740.0,9541.0,429190.0
2021-06-04,173097488,3741024,110226715,30143805,408619.0,10146.0,525502.0
2021-06-05,173494516,3750437,110704845,30041781,382117.0,8832.0,478130.0
2021-06-06,173818391,3757743,111146371,29912345,318081.0,7138.0,441526.0
2021-06-07,174140424,3765818,111568368,29808813,308087.0,7776.0,421997.0
2021-06-08,174509286,3776472,111983104,29750267,356368.0,10339.0,414736.0
2021-06-09,174927820,3786655,112435799,29688923,400793.0,9714.0,452695.0
2021-06-10,175381819,3802635,112849488,29701642,439755.0,15586.0,413689.0
2021-06-11,175804312,3814375,113225020,29717135,398219.0,11224.0,375532.0
2021-06-12,176172958,3824185,113563994,29737069,359990.0,9544.0,338974.0
2021-06-13,176476512,3833456,113993655,29600312,298600.0,9160.0,429661.0
2021-06-14,176785559,3841447,114340429,29548372,297370.0,7808.0,346774.0
2021-06-15,177160033,3852198,114800574,29445342,364069.0,10433.0,460145.0
2021-06-16,177549288,3862281,115149801,29474270,377760.0,9706.0,349227.0
2021-06-17,177945265,3871580,115530279,29479298,384659.0,9004.0,380478.0
2021-06-18,178348851,3880772,115849842,29539299,382806.0,8598.0,319563.0
2021-06-19,178696299,3888853,116181692,29540426,338655.0,7912.0,331850.0
2021-06-20,179001377,3895721,116446786,29571597,300212.0,6788.0,265094.0
2021-06-21,179297946,3902705,116804004,29494676,286016.0,6728.0,357218.0
2021-06-22,179707835,3911690,117107408,29546425,399349.0,8648.0,303404.0
2021-06-23,180104523,3921036,117507151,29578365,384384.0,8966.0,399743.0
2021-06-24,180513573,3929697,117796862,29674330,395075.0,8319.0,289711.0
2021-06-25,180931374,3938931,118125509,29737913,393500.0,8712.0,328647.0
2021-06-26,181294405,3946473,118420068,29795928,354128.0,7383.0,294559.0
2021-06-27,181605694,3952568,118678807,29841711,306704.0,6022.0,258739.0
2021-06-28,181938670,3959129,119006263,29825704,319450.0,6405.0,327456.0
2021-06-29,182319513,3967288,119299679,29900764,373481.0,7833.0,293416.0
2021-06-30,182718737,3976493,119580620,29996342,384227.0,8907.0,280941.0
2021-07-01,183154260,3985034,120008476,29990064,420821.0,8261.0,427856.0
2021-07-02,183596434,3993409,120299518,30106688,412865.0,7943.0,291042.0
2021-07-03,183970047,4000312,120569293,30205491,368382.0,6820.0,269775.0
2021-07-04,184297683,4006952,120868181,30230255,323400.0,6600.0,298888.0
2021-07-05,184674869,4014341,121235174,30250488,368161.0,7269.0,366993.0
2021-07-06,185123693,4022823,121563017,30348849,426658.0,8182.0,327843.0
2021-07-07,185587171,4031376,121831180,30517421,443736.0,8232.0,268163.0
2021-07-08,186067584,4040296,122123831,30681841,459827.0,8671.0,292651.0
2021-07-09,186577408,4048713,122462949,30826898,463271.0,7959.0,339118.0
2021-07-10,186999543,4055277,122907153,30801270,412190.0,6487.0,444204.0
2021-07-11,187370535,4062907,123197639,30895942,359280.0,7511.0,290486.0
2021-07-12,187805257,4071048,123499875,30955344,405641.0,7912.0,302236.0
2021-07-13,188327788,4079429,123783322,31163160,496339.0,8031.0,283447.0
2021-07-14,188865201,4088020,124113063,31340506,506692.0,8273.0,329741.0
2021-07-15,189441302,4096655,124394119,31602454,544643.0,8288.0,281056.0
2021-07-16,190037459,4105416,124784824,31732660,518657.0,8310.0,390705.0
2021-07-17,190527266,4112925,125065613,31913645,475836.0,7438.0,280789.0
2021-07-18,190949182,4119527,125382096,32011555,401617.0,6508.0,316483.0
2021-07-19,191440578,4126752,125688817,32153746,443093.0,7030.0,306721.0
2021-07-20,191972222,4147451,126008997,32310967,492170.0,20427.0,320180.0
2021-07-21,192528466,4156117,126315580,32513064,508926.0,8306.0,306583.0
2021-07-22,193093530,4164898,126671708,32666522,509344.0,8495.0,356128.0
2021-07-23,193841997,4173560,126918098,33040377,628373.0,8114.0,246390.0
2021-07-24,194255681,4181892,127435324,32923734,384497.0,8200.0,517226.0
2021-07-25,194702156,4189274,127762741,33017344,417970.0,7279.0,327417.0
2021-07-26,195242561,4197780,128063201,33183994,463299.0,8263.0,300460.0
2021-07-27,195848680,4207568,128409040,33381629,541714.0,9339.0,345839.0
2021-07-28,196500056,4217690,128745703,33623791,578616.0,9753.0,336663.0
2021-07-29,197143839,4227956,129094091,33849973,572324.0,9952.0,348388.0
2021-07-30,197874942,4237559,129401282,34089190,541106.0,8724.0,307191.0
2021-07-31,198392677,4246402,129705211,34266983,473264.0,8667.0,303929.0
2021-08-01,198876672,4253821,129994389,34420071,438863.0,7186.0,289178.0
2021-08-02,199447368,4261972,130277533,34601098,465092.0,7784.0,283144.0
2021-08-03,200080041,4272325,130582001,34842000,535680.0,9779.0,304468.0
2021-08-04,200760026,4282817,130899061,35108924,578867.0,9950.0,317060.0
2021-08-05,201446102,4293809,976624,217063,578094.0,10468.0,-129922437.0
2021-08-06,202266319,4304280,993018,221398,569929.0,9349.0,16394.0
2021-08-07,202827423,4312957,1009341,224122,497578.0,8407.0,16323.0
2021-08-08,203296465,4320453,1026396,225395,433538.0,7356.0,17055.0
2021-08-09,203915046,4329283,1041583,227232,462729.0,8319.0,15187.0
2021-08-10,204559208,4340801,1057841,230764,526950.0,10702.0,16258.0
2021-08-11,205289293,4351327,1075814,233360,577621.0,9725.0,17973.0
2021-08-12,205994836,4361839,1093501,237023,563242.0,9482.0,17687.0
2021-08-13,206796896,4372313,1110526,241189,577534.0,9420.0,17025.0
2021-08-14,207349923,4381054,1128181,243944,479267.0,8463.0,17655.0
2021-08-15,207818254,4388498,1145126,247263,420769.0,7231.0,16945.0
2021-08-16,208481968,4398362,1162576,249279,473424.0,8827.0,17450.0
2021-08-17,209161295,4409072,1179043,252150,529588.0,9693.0,16467.0
2021-08-18,209897835,4419892,1198723,254487,571433.0,9634.0,19680.0
2021-08-19,210608874,4431339,1220443,255537,557460.0,9687.0,21720.0
2021-08-20,211394780,4441833,1241891,257420,549767.0,9057.0,21448.0
2021-08-21,211953195,4450654,1260467,260883,465453.0,8246.0,18576.0
2021-08-22,212403914,4458533,1278667,262258,405803.0,7658.0,18200.0
2021-08-23,213087738,4468586,1297720,260703,480993.0,8731.0,19053.0
2021-08-24,213769197,4479610,1316333,262716,528270.0,9599.0,18613.0
2021-08-25,214507176,4490921,1337131,264295,561334.0,9776.0,20798.0
2021-08-26,215243181,4502512,1359788,265844,554561.0,9390.0,22657.0
2021-08-27,215986483,4512929,1381665,265698,507870.0,8687.0,21877.0
2021-08-28,216543993,4521365,1401157,268551,478428.0,7785.0,19492.0
2021-08-29,216993022,4528187,1422002,268000,396361.0,6500.0,20845.0
2021-08-30,217665632,4537757,1443259,265716,449358.0,7867.0,21257.0
2021-08-31,218290903,4547072,1461724,267866,447589.0,7891.0,18465.0
2021-09-01,219010477,4559497,1482797,265277,532256.0,10412.0,21073.0
2021-09-02,219687160,4570750,1506270,262543,500070.0,8227.0,23473.0
2021-09-03,220402664,4581474,1528669,259192,483460.0,8807.0,22399.0
2021-09-04,220898474,4589247,1550251,256305,409450.0,7117.0,21582.0
2021-09-05,221349028,4595822,1570824,255792,386720.0,6149.0,20573.0
2021-09-06,221826326,4603992,1591025,252671,389037.0,7560.0,20201.0
2021-09-07,222488011,4614456,1609927,252005,455405.0,8396.0,18902.0
2021-09-08,223127091,4624533,1632628,248675,464344.0,7812.0,22701.0
2021-09-09,223766380,4635280,1657483,242805,475550.0,7538.0,24855.0
2021-09-10,224417505,4644459,1678959,242164,412516.0,6765.0,21476.0
2021-09-11,224889429,4652832,1700730,239351,382278.0,7538.0,21771.0
2021-09-12,225258622,4658500,1721710,237277,320257.0,5289.0,20980.0
2021-09-13,225838110,4667657,1746523,228124,376583.0,7037.0,24813.0
2021-09-14,226383953,4677561,1764576,225277,402911.0,8018.0,18053.0
2021-09-15,226951224,4687986,1783336,225590,397345.0,7731.0,18760.0
2021-09-16,227539341,4698501,1800275,227120,431993.0,7055.0,16939.0
2021-09-17,228163689,4707564,1823245,221339,416864.0,6630.0,22970.0
2021-09-18,228687881,4714047,1840450,219359,448694.0,5489.0,17205.0
2021-09-19,229053571,4720145,1863919,210468,320210.0,5692.0,23469.0
2021-09-20,229583801,4728518,1880733,207698,365016.0,6087.0,16814.0
2021-09-21,230069107,4737873,1897383,206473,365325.0,6949.0,16650.0
2021-09-22,230604300,4747593,1917085,201274,406005.0,7065.0,19702.0
2021-09-23,231152739,4757440,0,0,423180.0,6568.0,-1917085.0
2021-09-24,231703788,4766138,0,0,378886.0,6231.0,0.0
2021-09-25,232076645,4771610,0,0,312020.0,4630.0,0.0
2021-09-26,232434930,4777142,0,0,303276.0,4944.0,0.0
2021-09-27,232917780,4784916,0,0,332941.0,5558.0,0.0
2021-09-28,233364335,4794292,0,0,335511.0,6896.0,0.0
2021-09-29,233855475,4803584,0,0,371891.0,6681.0,0.0
2021-09-30,234346244,4812460,0,0,382890.0,6076.0,0.0
2021-10-01,234869057,4821095,0,0,370423.0,6532.0,0.0
2021-10-02,235220282,4827038,0,0,302077.0,5074.0,0.0
2021-10-03,235531244,4831393,0,0,265423.0,3820.0,0.0
2021-10-04,235977489,4838633,0,0,309207.0,5340.0,0.0
2021-10-05,236396532,4845995,0,0,325249.0,5506.0,0.0
2021-10-06,236902723,4855131,0,0,395826.0,6510.0,0.0
2021-10-07,237365582,4864088,0,0,364025.0,6505.0,0.0
2021-10-08,237842164,4871650,0,0,348062.0,5781.0,0.0
2021-10-09,238182143,4876476,0,0,300591.0,4365.0,0.0
2021-10-10,238500950,4881229,0,0,278274.0,4264.0,0.0
2021-10-11,238888247,4887196,0,0,296680.0,4795.0,0.0
2021-10-12,239321831,4895166,0,0,324926.0,5727.0,0.0
2021-10-13,239786660,4904068,0,0,358687.0,5759.0,0.0
2021-10-14,240231641,4912077,0,0,360888.0,5840.0,0.0
2021-10-15,240690337,4919282,0,0,351891.0,5412.0,0.0
2021-10-16,241031746,4924626,0,0,300580.0,4751.0,0.0
2021-10-17,241348103,4928985,0,0,283641.0,3882.0,0.0
2021-10-18,241774823,4935584,0,0,332765.0,4880.0,0.0
2021-10-19,242211034,4943532,0,0,355639.0,6064.0,0.0
2021-10-20,242687411,4952203,0,0,386203.0,5504.0,0.0
2021-10-21,243148816,4959969,0,0,385667.0,5765.0,0.0
2021-10-22,243641763,4968141,0,0,398710.0,6318.0,0.0
2021-10-23,244001867,4974028,0,0,326384.0,5315.0,0.0
2021-10-24,244315371,4978671,0,0,292913.0,4361.0,0.0
2021-10-25,244773479,4985562,0,0,351589.0,5458.0,0.0
2021-10-26,245199158,4993306,0,0,359498.0,6183.0,0.0
2021-10-27,245713525,5002441,0,0,414114.0,7117.0,0.0
2021-10-28,246196870,5011378,0,0,410343.0,7100.0,0.0
2021-10-29,246689759,5019199,0,1,400231.0,6114.0,0.0
2021-10-30,247064670,5025203,0,1,339049.0,5606.0,0.0
2021-10-31,247411735,5029839,0,1,313449.0,4378.0,0.0
2021-11-01,247861908,5036323,0,0,347020.0,5274.0,0.0
2021-11-02,248275268,5043397,0,0,340549.0,5777.0,0.0
2021-11-03,248799505,5051857,0,0,439357.0,6510.0,0.0
2021-11-04,249316785,5059426,0,0,438006.0,6390.0,0.0
2021-11-05,249839807,5068006,0,0,427734.0,6481.0,0.0
2021-11-06,250246441,5074652,0,0,369897.0,6142.0,0.0
2021-11-07,250583965,5079270,0,0,298957.0,4383.0,0.0
2021-11-08,251111371,5086080,0,0,422650.0,5634.0,0.0
2021-11-09,251581031,5094081,0,0,391171.0,6585.0,0.0
2021-11-10,252151800,5102342,0,0,477728.0,6600.0,0.0
2021-11-11,252672961,5110018,0,0,464200.0,6780.0,0.0
2021-11-12,253275338,5119014,0,0,461147.0,6576.0,0.0
2021-11-13,253673746,5125305,0,0,352840.0,5700.0,0.0
2021-11-14,254010449,5130033,0,0,303206.0,4501.0,0.0
2021-11-15,254613923,5137149,0,0,475651.0,5853.0,0.0
2021-11-16,255120957,5144761,0,0,420758.0,6326.0,0.0
2021-11-17,255736329,5153913,0,0,505631.0,7522.0,0.0
2021-11-18,256359681,5162202,0,0,517184.0,6979.0,0.0
2021-11-19,256973594,5170175,0,0,489994.0,6230.0,0.0
2021-11-20,257415231,5176203,0,0,393815.0,5560.0,0.0
2021-11-21,257788269,5180842,0,0,332074.0,4394.0,0.0
2021-11-22,258495517,5188293,0,0,569971.0,6226.0,0.0
2021-11-23,259088523,5196302,0,0,502942.0,6685.0,0.0
2021-11-24,259751045,5204871,0,0,553456.0,6900.0,0.0
2021-11-25,260347337,5212728,0,0,559921.0,7378.0,0.0
2021-11-26,260958733,5219623,0,0,558518.0,6515.0,0.0
2021-11-27,261378062,5225488,0,0,391274.0,5529.0,0.0
2021-11-28,261762480,5230390,0,0,339718.0,4628.0,0.0
2021-11-29,262509073,5238314,0,0,565089.0,6040.0,0.0
2021-11-30,263114633,5246337,0,0,489654.0,6425.0,0.0
2021-12-01,263814855,5255577,0,0,566369.0,7270.0,0.0
2021-12-02,264522534,5265738,0,0,572705.0,6254.0,0.0
2021-12-03,265249971,5274329,0,0,572554.0,7000.0,0.0
2021-12-04,265722990,5279846,0,0,406344.0,4829.0,0.0
2021-12-05,266140236,5287266,0,0,361347.0,7008.0,0.0
2021-12-06,266850978,5294725,0,0,542281.0,6054.0,0.0
2021-12-07,267491714,5302447,0,0,528371.0,6244.0,0.0
2021-12-08,268201408,5310744,0,0,563387.0,6495.0,0.0
2021-12-09,268900643,5319310,0,0,579097.0,7040.0,0.0
2021-12-10,269593617,5327326,0,0,538782.0,6296.0,0.0
2021-12-11,270061619,5333161,0,0,411482.0,5222.0,0.0
2021-12-12,270486378,5337755,0,0,372360.0,4229.0,0.0
2021-12-13,271185997,5344687,0,0,520516.0,5565.0,0.0
2021-12-14,271822960,5352418,0,0,526572.0,6257.0,0.0
2021-12-15,272560506,5361442,0,0,594990.0,6823.0,0.0
2021-12-16,273305550,5368788,0,0,606541.0,6119.0,0.0
2021-12-17,274073815,5376088,0,0,579587.0,5468.0,0.0
2021-12-18,274604958,5381759,0,0,450504.0,5001.0,0.0
2021-12-19,275074366,5386104,0,0,379284.0,4030.0,0.0
2021-12-20,275885543,5393381,0,0,574412.0,5762.0,0.0
2021-12-21,276659484,5400938,0,0,599191.0,5696.0,0.0
2021-12-22,277573404,5411308,0,0,672627.0,6243.0,0.0
2021-12-23,278585278,5418564,0,0,742909.0,5873.0,0.0
2021-12-24,279423150,5424259,0,0,592251.0,5023.0,0.0
2021-12-25,280112932,5428571,0,0,602749.0,4076.0,0.0
2021-12-26,280685160,5432403,0,0,389425.0,3465.0,0.0
2021-12-27,282026709,5439373,0,0,850066.0,5153.0,0.0
2021-12-28,283374173,5447047,0,0,980222.0,5422.0,0.0
2021-12-29,285080398,5454988,0,0,1203748.0,5640.0,0.0
2021-12-30,287029431,5462406,0,0,1360176.0,5959.0,0.0
2021-12-31,288729093,5468765,0,0,1193463.0,5640.0,0.0
2022-01-01,289920781,5473028,0,0,1001623.0,3868.0,0.0
2022-01-02,290851943,5476424,0,0,636973.0,2942.0,0.0
2022-01-03,293190148,5482237,0,0,1316846.0,3956.0,0.0
2022-01-04,295800585,5490918,0,0,1792600.0,6406.0,0.0
2022-01-05,298387501,5498688,0,0,1924646.0,5591.0,0.0
2022-01-06,301049259,5506299,0,0,1827263.0,5560.0,0.0
2022-01-07,304006193,5513549,0,0,2089689.0,4860.0,0.0
2022-01-08,306133783,5518756,0,0,1724358.0,4350.0,0.0
2022-01-09,308140437,5522815,0,0,1515934.0,3444.0,0.0
2022-01-10,311396631,5529725,0,0,1929006.0,4890.0,0.0
2022-01-11,314429144,5538826,0,0,2256122.0,6636.0,0.0
2022-01-12,317879308,5547854,0,0,2610799.0,6250.0,0.0
2022-01-13,321062013,5556086,0,0,2331339.0,5699.0,0.0
2022-01-14,324381211,5564055,0,0,2455436.0,5222.0,0.0
2022-01-15,326800850,5570184,0,0,2006872.0,5135.0,0.0
2022-01-16,328960458,5574697,0,0,1677870.0,3752.0,0.0
2022-01-17,331789018,5581207,0,0,2174691.0,5473.0,0.0
2022-01-18,335520835,5590306,0,0,2627245.0,6403.0,0.0
2022-01-19,339608217,5600243,0,0,3193859.0,6511.0,0.0
2022-01-20,343325673,5609883,0,0,2997448.0,6744.0,0.0
2022-01-21,347145075,5619841,0,0,3026997.0,6635.0,0.0
2022-01-22,349770904,5625866,0,0,2319640.0,5018.0,0.0
2022-01-23,352148415,5631036,0,0,2009240.0,4437.0,0.0
2022-01-24,355801212,5639947,0,0,2763096.0,6774.0,0.0
2022-01-25,359459080,5650429,0,0,3172246.0,7374.0,0.0
2022-01-26,363246968,5661141,0,0,3128246.0,6915.0,0.0
2022-01-27,366907405,5671445,0,0,3165135.0,7733.0,0.0
2022-01-28,370615797,5683789,0,0,3107678.0,8314.0,0.0
2022-01-29,373137872,5691683,0,0,2341968.0,6694.0,0.0
2022-01-30,375270706,5697235,0,0,1933479.0,5066.0,0.0
2022-01-31,379153389,5707658,0,0,3357987.0,7855.0,0.0
2022-02-01,382324723,5720335,0,0,2851921.0,9404.0,0.0
2022-02-02,385495586,5732251,0,0,2850679.0,8353.0,0.0
2022-02-03,388703430,5743894,0,0,2938899.0,9209.0,0.0
2022-02-04,391684364,5757065,0,0,2632655.0,9099.0,0.0
2022-02-05,393727217,5765282,0,0,1956005.0,7301.0,0.0
2022-02-06,395494387,5771260,0,0,1683417.0,5511.0,0.0
2022-02-07,398174098,5782361,0,0,2343731.0,8283.0,0.0
2022-02-08,401087425,5795155,0,0,2702660.0,9836.0,0.0
2022-02-09,403525125,5808282,0,0,2255144.0,9840.0,0.0
2022-02-10,406341477,5820164,0,0,2648346.0,8657.0,0.0
2022-02-11,408773020,5832150,0,0,2228023.0,9311.0,0.0
2022-02-12,410500013,5840800,0,0,1675427.0,7832.0,0.0
2022-02-13,411897471,5846074,0,0,1339263.0,4692.0,0.0
2022-02-14,413957138,5857303,0,0,1895872.0,8091.0,0.0
2022-02-15,415821195,5867949,0,0,1757376.0,8092.0,0.0
2022-02-16,418074328,5881062,0,0,2142049.0,9987.0,0.0
2022-02-17,420139432,5893269,0,0,1967256.0,9306.0,0.0
2022-02-18,422132158,5903907,0,0,1851821.0,8412.0,0.0
2022-02-19,423602100,5912265,0,0,1438705.0,7684.0,0.0
2022-02-20,424784118,5917645,0,0,1160271.0,4939.0,0.0
2022-02-21,426502934,5925193,0,0,1640168.0,6652.0,0.0
2022-02-22,428221892,5935244,0,0,1632822.0,7688.0,0.0
2022-02-23,430143381,5947231,0,0,1839706.0,8955.0,0.0
2022-02-24,431929586,5958042,0,0,1721244.0,7899.0,0.0
2022-02-25,433574158,5967110,0,0,1572315.0,7018.0,0.0
2022-02-26,434846163,5973652,0,0,1225083.0,5783.0,0.0
2022-02-27,435884911,5978352,0,0,1020368.0,4475.0,0.0
2022-02-28,437502892,5986019,0,0,1522924.0,5560.0,0.0
2022-03-01,439111439,5994490,0,0,1563373.0,6750.0,0.0
2022-03-02,440777411,6002671,0,0,1614631.0,6122.0,0.0
2022-03-03,442546951,6010843,0,0,1722840.0,6463.0,0.0
2022-03-04,444307736,6019561,0,0,1703381.0,7007.0,0.0
2022-03-05,445597010,6025203,0,0,1274252.0,5335.0,0.0
2022-03-06,446695470,6029430,0,0,1086010.0,4014.0,0.0
2022-03-07,448440380,6037274,0,0,1692068.0,6189.0,0.0
2022-03-08,450069952,6044160,0,0,1601286.0,5506.0,0.0
2022-03-09,452060132,6052355,0,0,1954237.0,6210.0,0.0
2022-03-10,453903842,6059879,0,0,1798744.0,5783.0,0.0
2022-03-11,455776442,6066088,0,0,1824850.0,4583.0,0.0
2022-03-12,457337149,6070821,0,0,1550326.0,4458.0,0.0
2022-03-13,458455759,6074375,0,0,1107358.0,3360.0,0.0
2022-03-14,460453669,6079974,0,0,1964351.0,4322.0,0.0
2022-03-15,462263071,6085590,0,0,1786381.0,4551.0,0.0
2022-03-16,464501932,6092478,0,0,2188618.0,5067.0,0.0
2022-03-17,466579836,6099559,0,0,2026657.0,5608.0,0.0
2022-03-18,468471363,6105320,0,0,1860802.0,4726.0,0.0
2022-03-19,469950742,6109174,0,0,1468319.0,3572.0,0.0
2022-03-20,470911570,6112501,0,0,949238.0,3241.0,0.0
2022-03-21,472791455,6128633,0,0,1840030.0,15093.0,0.0
2022-03-22,474768678,6133708,0,0,1956563.0,4324.0,0.0
2022-03-23,476572580,6139692,0,0,1764918.0,4370.0,0.0
2022-03-24,478356781,6144962,0,0,1743108.0,4414.0,0.0
2022-03-25,480116352,6154137,0,0,1715684.0,8347.0,0.0
2022-03-26,481240761,6156955,0,0,1114776.0,2672.0,0.0
2022-03-27,482091522,6159590,0,0,838774.0,2574.0,0.0
2022-03-28,483935819,6163871,0,0,1808096.0,3270.0,0.0
2022-03-29,485687641,6168319,0,0,1729237.0,3714.0,0.0
2022-03-30,487285316,6173223,0,0,1560159.0,3777.0,0.0
2022-03-31,488810935,6177715,0,0,1481739.0,3988.0,0.0
2022-04-01,490229957,6182592,0,0,1388676.0,4076.0,0.0
2022-04-02,491102618,6185165,0,0,860671.0,2416.0,0.0
2022-04-03,491795763,6187058,0,0,688141.0,1834.0,0.0
2022-04-04,493029113,6190435,0,0,1196509.0,2802.0,0.0
2022-04-05,494394510,6194603,0,0,1340938.0,3675.0,0.0
2022-04-06,495614481,6198922,0,0,1181361.0,3224.0,0.0
2022-04-07,496892829,6203243,0,0,1229423.0,3479.0,0.0
2022-04-08,498067226,6207171,0,0,1101045.0,3293.0,0.0
2022-04-09,498809481,6209515,0,0,729303.0,2175.0,0.0
2022-04-10,499371094,6211287,0,0,551846.0,1742.0,0.0
2022-04-11,500395073,6214140,0,0,986803.0,2534.0,0.0
2022-04-12,501477006,6217418,0,0,1048172.0,2708.0,0.0
2022-04-13,502312899,6220834,0,0,780883.0,2489.0,0.0
2022-04-14,503514635,6225045,0,0,1154474.0,3488.0,0.0
2022-04-15,504173620,6227519,0,0,625767.0,2043.0,0.0
2022-04-16,504728078,6229128,0,0,541759.0,1555.0,0.0
2022-04-17,505135840,6230664,0,0,399928.0,1525.0,0.0
2022-04-18,505593101,6232227,0,0,398167.0,1328.0,0.0
2022-04-19,506611223,6235246,0,0,980547.0,2573.0,0.0
2022-04-20,507572939,6239404,0,0,895926.0,3292.0,0.0
2022-04-21,508494638,6242493,0,0,862125.0,2679.0,0.0
2022-04-22,509326146,6245258,0,0,743837.0,2266.0,0.0
2022-04-23,509804921,6246860,0,0,458804.0,1536.0,0.0
2022-04-24,510170274,6248026,0,0,351470.0,1134.0,0.0
2022-04-25,510807280,6250163,0,0,569642.0,1876.0,0.0
2022-04-26,511586225,6254443,0,0,734756.0,3964.0,0.0
2022-04-27,512270618,6257570,0,0,596718.0,2362.0,0.0
2022-04-28,513029893,6260569,0,0,683363.0,2581.0,0.0
2022-04-29,513674337,6263108,0,0,584255.0,2135.0,0.0
2022-04-30,514028077,6264610,0,0,328979.0,1372.0,0.0
2022-05-01,514337498,6265774,0,0,292191.0,1141.0,0.0
2022-05-02,514784928,6267515,0,0,355044.0,1450.0,0.0
2022-05-03,515456985,6269710,0,0,623380.0,1758.0,0.0
2022-05-04,516084481,6273431,0,0,517096.0,1808.0,0.0
2022-05-05,516684115,6275671,0,0,512505.0,1945.0,0.0
2022-05-06,517315002,6277804,0,0,503108.0,1785.0,0.0
2022-05-07,517654335,6278958,0,0,310592.0,942.0,0.0
2022-05-08,517933188,6279799,0,0,272278.0,811.0,0.0
2022-05-09,518623616,6281685,0,0,562735.0,1647.0,0.0
2022-05-10,519264878,6283684,0,0,572620.0,1681.0,0.0
2022-05-11,519959589,6285910,0,0,536442.0,1560.0,0.0
2022-05-12,520612234,6287904,0,0,550123.0,1684.0,0.0
2022-05-13,521185195,6289786,0,0,487949.0,1687.0,0.0
2022-05-14,521623921,6290750,0,0,420919.0,898.0,0.0
2022-05-15,521997573,6291529,0,0,340719.0,742.0,0.0
2022-05-16,522588003,6293107,0,0,415873.0,1340.0,0.0
2022-05-17,523196369,6294960,0,0,525069.0,1469.0,0.0
2022-05-18,523956981,6297321,0,0,560272.0,1425.0,0.0
2022-05-19,524553049,6299054,0,0,462317.0,1381.0,0.0
2022-05-20,525179161,6301052,0,0,479263.0,1602.0,0.0
2022-05-21,525546324,6302145,0,0,339599.0,997.0,0.0
2022-05-22,527344681,6307708,0,0,1401078.0,4003.0,0.0
2022-05-23,526355286,6304317,0,0,-752553.0,-2116.0,0.0
2022-05-24,526949880,6305969,0,0,512381.0,1315.0,0.0
2022-05-25,527582339,6308542,0,0,436877.0,1563.0,0.0
2022-05-26,528096575,6310016,0,0,369443.0,1075.0,0.0
2022-05-27,528666230,6311990,0,0,463287.0,1458.0,0.0
2022-05-28,528995258,6312827,0,0,315113.0,790.0,0.0
2022-05-29,529271953,6313446,0,0,269664.0,600.0,0.0
2022-05-30,529616304,6314555,0,0,282113.0,1066.0,0.0
2022-05-31,530241648,6316078,0,0,459961.0,1164.0,0.0
2022-06-01,530940055,6318088,0,0,474055.0,1364.0,0.0
2022-06-02,531470795,6319776,0,0,410055.0,1357.0,0.0
2022-06-03,532014349,6321307,0,0,387674.0,1161.0,0.0
2022-06-04,532267430,6321998,0,0,225389.0,508.0,0.0
2022-06-05,532530418,6322811,0,0,246717.0,779.0,0.0
2022-06-06,532965325,6323776,0,0,276653.0,693.0,0.0
2022-06-07,533576987,6325790,0,0,527238.0,1557.0,0.0
2022-06-08,534283567,6328360,0,0,511080.0,1403.0,0.0
2022-06-09,534848612,6329916,0,0,434725.0,1240.0,0.0
2022-06-10,535405375,6331614,0,0,452059.0,1343.0,0.0
2022-06-11,535689166,6332535,0,0,248792.0,805.0,0.0
2022-06-12,535887414,6333112,0,0,180487.0,547.0,0.0
2022-06-13,536415230,6334800,0,0,377704.0,1420.0,0.0
2022-06-14,537272283,6336637,0,0,768574.0,1466.0,0.0
2022-06-15,537994376,6338632,0,0,539066.0,1311.0,0.0
2022-06-16,538577219,6340495,0,0,454842.0,1418.0,0.0
2022-06-17,539110232,6341754,0,0,395486.0,949.0,0.0
2022-06-18,539338822,6342399,0,0,210932.0,602.0,0.0
2022-06-19,539607323,6343079,0,0,250447.0,627.0,0.0
2022-06-20,540362527,6344601,0,0,659743.0,1452.0,0.0
2022-06-21,541178590,6346333,0,0,706819.0,1259.0,0.0
2022-06-22,541984409,6348361,0,0,623119.0,1199.0,0.0
2022-06-23,542768040,6350175,0,0,646624.0,1426.0,0.0
2022-06-24,543545373,6351947,0,0,661412.0,1342.0,0.0
2022-06-25,543862296,6352746,0,0,276555.0,634.0,0.0
2022-06-26,544149061,6353409,0,0,264399.0,642.0,0.0
2022-06-27,545021446,6354880,0,0,713872.0,1178.0,0.0
2022-06-28,545963401,6356812,0,0,845759.0,1359.0,0.0
2022-06-29,546896216,6358638,0,0,745373.0,1126.0,0.0
2022-06-30,547974399,6360029,0,0,912948.0,1654.0,0.0
2022-07-01,548925573,6361895,0,0,796128.0,1379.0,0.0
2022-07-02,549285010,6362729,0,0,339057.0,778.0,0.0
2022-07-03,549643494,6363464,0,0,349870.0,727.0,0.0
2022-07-04,550495584,6364616,0,0,775934.0,1073.0,0.0
2022-07-05,551700875,6366826,0,0,1065502.0,1750.0,0.0
2022-07-06,552926194,6369162,0,0,1027909.0,1603.0,0.0
2022-07-07,553979317,6371868,0,0,916465.0,1620.0,0.0
2022-07-08,554985965,6374157,0,0,870812.0,1819.0,0.0
2022-07-09,555489805,6375199,0,0,474727.0,943.0,0.0
2022-07-10,555912673,6376044,0,0,398250.0,813.0,0.0
2022-07-11,556965950,6377827,0,0,854046.0,1335.0,0.0
2022-07-12,558188973,6380287,0,0,1076717.0,1885.0,0.0
2022-07-13,559616047,6382897,0,0,1226191.0,1657.0,0.0
2022-07-14,560618414,6384973,0,0,829178.0,1696.0,0.0
2022-07-15,561620952,6387281,0,0,851472.0,1824.0,0.0
2022-07-16,562173955,6388365,0,0,513717.0,1012.0,0.0
2022-07-17,562633397,6389351,0,0,429958.0,932.0,0.0
2022-07-18,563831439,6391429,0,0,1032098.0,1647.0,0.0
2022-07-19,565376216,6394508,0,0,1432282.0,2451.0,0.0
2022-07-20,566978312,6397409,0,0,1389931.0,2042.0,0.0
2022-07-21,568132384,6399952,0,0,980806.0,2035.0,0.0
2022-07-22,569227683,6402812,0,0,965323.0,2315.0,0.0
2022-07-23,569864503,6404098,0,0,610425.0,1185.0,0.0
2022-07-24,570415594,6405130,0,0,527684.0,1001.0,0.0
2022-07-25,571389293,6407078,0,0,785933.0,1530.0,0.0
2022-07-26,572585953,6409994,0,0,1065904.0,2368.0,0.0
2022-07-27,574012578,6413344,0,0,1190563.0,2426.0,0.0
2022-07-28,575128711,6416107,0,0,941026.0,2343.0,0.0
2022-07-29,576504117,6419129,0,0,1217539.0,2418.0,0.0
2022-07-30,577080368,6420222,0,0,560221.0,1042.0,0.0
2022-07-31,577625125,6421137,0,0,531637.0,902.0,0.0
2022-08-01,578498343,6423572,0,0,705448.0,1874.0,0.0
2022-08-02,579688922,6426452,0,0,1100555.0,2369.0,0.0
2022-08-03,580844402,6429596,0,0,958612.0,2110.0,0.0
2022-08-04,582298582,6432770,0,0,1270203.0,2526.0,0.0
2022-08-05,583199914,6435720,0,0,796491.0,2274.0,0.0
2022-08-06,584378234,6437450,0,0,1163395.0,1657.0,0.0
2022-08-07,584876158,6438392,0,0,485286.0,910.0,0.0
2022-08-08,585692396,6440694,0,0,662160.0,1816.0,0.0
2022-08-09,586732633,6444254,0,0,942259.0,2922.0,0.0
2022-08-10,587759674,6446959,0,0,833798.0,1803.0,0.0
2022-08-11,588765149,6450165,0,0,845232.0,2629.0,0.0
2022-08-12,589518129,6452978,0,0,657630.0,2209.0,0.0
2022-08-13,590154693,6454462,0,0,552973.0,1399.0,0.0
2022-08-14,590615447,6455456,0,0,451023.0,978.0,0.0
2022-08-15,591470731,6457851,0,0,733792.0,1938.0,0.0
2022-08-16,592554038,6461287,0,0,992862.0,2920.0,0.0
2022-08-17,593544554,6464523,0,0,855990.0,2183.0,0.0
2022-08-18,594489315,6467505,0,0,798232.0,2350.0,0.0
2022-08-19,595290783,6470218,0,0,725126.0,2153.0,0.0
2022-08-20,595865209,6471409,0,0,563378.0,1116.0,0.0
2022-08-21,596349743,6472368,0,0,474744.0,933.0,0.0
2022-08-22,597060898,6474551,0,0,583136.0,1680.0,0.0
2022-08-23,597950050,6477479,0,0,791444.0,2314.0,0.0
2022-08-24,598834620,6480634,0,0,734892.0,2239.0,0.0
2022-08-25,599699624,6483590,0,0,727645.0,2326.0,0.0
2022-08-26,600402336,6486119,0,0,582606.0,1861.0,0.0
2022-08-27,600855064,6487330,0,0,440970.0,1140.0,0.0
2022-08-28,601261378,6488353,0,0,397810.0,1003.0,0.0
2022-08-29,601838575,6490366,0,0,471951.0,1539.0,0.0
2022-08-30,602586591,6492864,0,0,673954.0,2094.0,0.0
2022-08-31,603339724,6496232,0,0,601259.0,1891.0,0.0
2022-09-01,604017692,6498787,0,0,549880.0,1850.0,0.0
2022-09-02,604676384,6501501,0,0,594915.0,2266.0,0.0
2022-09-03,605053066,6502578,0,0,365356.0,1009.0,0.0
2022-09-04,605423456,6503688,0,0,362985.0,1096.0,0.0
2022-09-05,605881246,6505134,0,0,424275.0,1357.0,0.0
2022-09-06,606555095,6507449,0,0,562125.0,1719.0,0.0
2022-09-07,607171645,6509625,0,0,495389.0,1412.0,0.0
2022-09-08,607755603,6511864,0,0,478981.0,1550.0,0.0
2022-09-09,608281231,6514159,0,0,425446.0,1791.0,0.0
2022-09-10,608594463,6515102,0,0,303173.0,862.0,0.0
2022-09-11,608908756,6515888,0,0,305359.0,765.0,0.0
2022-09-12,609393840,6517401,0,0,416311.0,1065.0,0.0
2022-09-13,609942317,6519383,0,0,469654.0,1461.0,0.0
2022-09-14,610640342,6521713,0,0,596751.0,1400.0,0.0
2022-09-15,611251640,6524283,0,0,529434.0,1892.0,0.0
2022-09-16,611707536,6526292,0,0,400432.0,1607.0,0.0
2022-09-17,612002633,6527142,0,0,286618.0,791.0,0.0
2022-09-18,612257210,6527730,0,0,249131.0,564.0,0.0
2022-09-19,612674062,6529112,0,0,361679.0,996.0,0.0
2022-09-20,613227671,6530942,0,0,485542.0,1384.0,0.0
2022-09-21,613745849,6532999,0,0,421420.0,1105.0,0.0
2022-09-22,614365490,6535194,0,0,540411.0,1521.0,0.0
2022-09-23,614883551,6537022,0,0,435490.0,1435.0,0.0
2022-09-24,615148716,6537858,0,0,255559.0,754.0,0.0
2022-09-25,615371639,6538366,0,0,216229.0,490.0,0.0
2022-09-26,615794319,6539739,0,0,377636.0,1009.0,0.0
2022-09-27,616393857,6541341,0,0,539224.0,1151.0,0.0
2022-09-28,616943815,6543683,0,0,464815.0,1102.0,0.0
2022-09-29,617587948,6545969,0,0,561644.0,1587.0,0.0
2022-09-30,618060470,6547442,0,0,439522.0,1156.0,0.0
2022-10-01,618301528,6548112,0,0,233150.0,635.0,0.0
2022-10-02,618502237,6548678,0,0,194877.0,548.0,0.0
2022-10-03,618822100,6550041,0,0,278735.0,1073.0,0.0
2022-10-04,619422288,6551643,0,0,545535.0,1101.0,0.0
2022-10-05,620005293,6553830,0,0,512711.0,1168.0,0.0
2022-10-06,620645897,6555842,0,0,581446.0,1397.0,0.0
2022-10-07,621221122,6557641,0,0,517076.0,1397.0,0.0
2022-10-08,621440139,6558354,0,0,211298.0,662.0,0.0
2022-10-09,621659090,6558988,0,0,213352.0,622.0,0.0
2022-10-10,622112721,6560304,0,0,430765.0,1181.0,0.0
2022-10-11,622802927,6562215,0,0,629785.0,1303.0,0.0
2022-10-12,623353309,6564117,0,0,486828.0,1150.0,0.0
2022-10-13,624016201,6566222,0,0,600797.0,1528.0,0.0
2022-10-14,624494096,6567938,0,0,451456.0,1385.0,0.0
2022-10-15,624712184,6568715,0,0,212103.0,736.0,0.0
2022-10-16,624904354,6569262,0,0,185432.0,536.0,0.0
2022-10-17,625380849,6571022,0,0,438027.0,1427.0,0.0
2022-10-18,626009558,6572869,0,0,585430.0,1413.0,0.0
2022-10-19,626536517,6575111,0,0,467395.0,1539.0,0.0
2022-10-20,627131906,6577314,0,0,539567.0,1610.0,0.0
2022-10-21,627563118,6579316,0,0,385478.0,1423.0,0.0
2022-10-22,627745460,6579936,0,0,176936.0,597.0,0.0
2022-10-23,627906261,6580530,0,0,152321.0,583.0,0.0
2022-10-24,628292244,6581850,0,0,346781.0,1113.0,0.0
2022-10-25,628887192,6584030,0,0,551680.0,1750.0,0.0
2022-10-26,629354216,6586535,0,0,396886.0,1428.0,0.0
2022-10-27,629825086,6588661,0,0,412853.0,1555.0,0.0
2022-10-28,630188933,6590144,0,0,334134.0,1299.0,0.0
2022-10-29,630388043,6590815,0,0,190097.0,638.0,0.0
2022-10-30,630555356,6591418,0,0,163891.0,594.0,0.0
2022-10-31,630855667,6592639,0,0,255764.0,1093.0,0.0
2022-11-01,631257301,6595441,0,0,353186.0,2368.0,0.0
2022-11-02,631605630,6597027,0,0,275334.0,878.0,0.0
2022-11-03,632099238,6599372,0,0,424417.0,1708.0,0.0
2022-11-04,632543730,6601350,0,0,406230.0,1627.0,0.0
2022-11-05,632745055,6601963,0,0,196150.0,583.0,0.0
2022-11-06,632931698,6602507,0,0,178564.0,525.0,0.0
2022-11-07,633236290,6603651,0,0,264167.0,1011.0,0.0
2022-11-08,633687105,6604927,0,0,419825.0,1056.0,0.0
2022-11-09,634121129,6607042,0,0,337861.0,1217.0,0.0
2022-11-10,634581536,6609134,0,0,396136.0,1524.0,0.0
2022-11-11,635069911,6610842,0,0,475306.0,1652.0,0.0
2022-11-12,635312415,6611289,0,0,237266.0,442.0,0.0
2022-11-13,635495921,6611794,0,0,180880.0,492.0,0.0
2022-11-14,635842758,6613139,0,0,296854.0,1092.0,0.0
2022-11-15,636346506,6614527,0,0,444470.0,992.0,0.0
2022-11-16,636832819,6616833,0,0,402683.0,1516.0,0.0
2022-11-17,637312168,6618875,0,0,426524.0,1533.0,0.0
2022-11-18,637942895,6621234,0,0,575898.0,1854.0,0.0
2022-11-19,638190256,6621728,0,0,242400.0,471.0,0.0
2022-11-20,638412685,6622317,0,0,218509.0,570.0,0.0
2022-11-21,638754269,6623443,0,0,297436.0,919.0,0.0
2022-11-22,639328502,6625184,0,0,518546.0,1179.0,0.0
2022-11-23,639919268,6627291,0,0,479264.0,1156.0,0.0
2022-11-24,640339663,6628690,0,0,404160.0,1210.0,0.0
2022-11-25,641037850,6630892,0,0,677154.0,2050.0,0.0
2022-11-26,641308474,6631404,0,0,267366.0,498.0,0.0
2022-11-27,641571933,6631994,0,0,257559.0,577.0,0.0
2022-11-28,641977718,6633172,0,0,343993.0,884.0,0.0
2022-11-29,642708418,6634772,0,0,663750.0,1191.0,0.0
2022-11-30,643244202,6636401,0,0,424200.0,1077.0,0.0
2022-12-01,643950465,6638794,0,0,616850.0,1728.0,0.0
2022-12-02,644712057,6641139,0,0,698172.0,2037.0,0.0
2022-12-03,645011978,6641748,0,0,292821.0,580.0,0.0
2022-12-04,645269140,6642384,0,0,251654.0,625.0,0.0
2022-12-05,645774647,6643774,0,0,448008.0,1167.0,0.0
2022-12-06,646399180,6645516,0,0,530184.0,1149.0,0.0
2022-12-07,647032685,6647694,0,0,490104.0,1183.0,0.0
2022-12-08,647841837,6650703,0,0,711605.0,2127.0,0.0
2022-12-09,648512355,6652882,0,0,634496.0,1982.0,0.0
2022-12-10,648787112,6653491,0,0,267571.0,576.0,0.0
2022-12-11,649086429,6654152,0,0,292956.0,650.0,0.0
2022-12-12,649659515,6655818,0,0,513880.0,1441.0,0.0
2022-12-13,650438169,6657780,0,0,685857.0,1376.0,0.0
2022-12-14,651124451,6660233,0,0,539567.0,1584.0,0.0
2022-12-15,651875660,6663038,0,0,640980.0,2006.0,0.0
2022-12-16,652608184,6665736,0,0,677996.0,2276.0,0.0
2022-12-17,652908926,6666547,0,0,293734.0,785.0,0.0
2022-12-18,653192863,6667338,0,0,277924.0,770.0,0.0
2022-12-19,653779710,6669159,0,0,526421.0,1540.0,0.0
2022-12-20,654488644,6671373,0,0,627720.0,1631.0,0.0
2022-12-21,655209461,6673938,0,0,540737.0,1537.0,0.0
2022-12-22,655967471,6676603,0,0,664358.0,2087.0,0.0
2022-12-23,656608923,6679286,0,0,602638.0,2479.0,0.0
2022-12-24,656953302,6680275,0,0,337928.0,968.0,0.0
2022-12-25,657139596,6681140,0,0,183104.0,850.0,0.0
2022-12-26,657659001,6682247,0,0,507076.0,1078.0,0.0
2022-12-27,658313156,6684351,0,0,544228.0,1749.0,0.0
2022-12-28,658950288,6687147,0,0,525394.0,1816.0,0.0
2022-12-29,659621460,6690067,0,0,568657.0,2021.0,0.0
2022-12-30,660199644,6692483,0,0,544202.0,2206.0,0.0
2022-12-31,660463707,6693376,0,0,256236.0,867.0,0.0
2023-01-01,660778302,6694422,0,0,310337.0,1031.0,0.0
2023-01-02,661198023,6695785,0,0,411475.0,1341.0,0.0
2023-01-03,661684301,6698027,0,0,374698.0,1838.0,0.0
2023-01-04,662254753,6700950,0,0,374908.0,1667.0,0.0
2023-01-05,662966624,6704615,0,0,607373.0,2846.0,0.0
2023-01-06,663685478,6707753,0,0,654293.0,2686.0,0.0
2023-01-07,664042523,6708704,0,0,351309.0,926.0,0.0
2023-01-08,664369973,6709763,0,0,321791.0,1042.0,0.0
2023-01-09,664718965,6711923,0,0,306280.0,1862.0,0.0
2023-01-10,665113906,6714283,0,0,312666.0,1479.0,0.0
2023-01-11,665620455,6717559,0,0,368509.0,1471.0,0.0
2023-01-12,666097568,6721001,0,0,414466.0,2748.0,0.0
2023-01-13,666533412,6723982,0,0,403195.0,2609.0,0.0
2023-01-14,666754764,6724996,0,0,216199.0,963.0,0.0
2023-01-15,666951628,6785899,0,0,193575.0,60886.0,0.0
2023-01-16,667166246,6787222,0,0,207202.0,1280.0,0.0
2023-01-17,667518339,6789241,0,0,271389.0,1280.0,0.0
2023-01-18,667896057,6792402,0,0,250395.0,1609.0,0.0
2023-01-19,668220555,6796014,0,0,235670.0,2315.0,0.0
2023-01-20,668562275,6799461,0,0,304655.0,3008.0,0.0
2023-01-21,668715679,6812955,0,0,148350.0,13470.0,0.0
2023-01-22,668830106,6813635,0,0,111165.0,667.0,0.0
2023-01-23,669001160,6815190,0,0,140275.0,1242.0,0.0
2023-01-24,669272980,6817238,0,0,216708.0,1257.0,0.0
2023-01-25,669567200,6819541,0,0,193182.0,954.0,0.0
2023-01-26,669848949,6822662,0,0,218866.0,2260.0,0.0
2023-01-27,670086873,6824466,0,0,221721.0,1708.0,0.0
2023-01-28,670220236,6831521,0,0,128826.0,7040.0,0.0
2023-01-29,670344083,6832258,0,0,120392.0,723.0,0.0
2023-01-30,670503961,6833470,0,0,131024.0,985.0,0.0
2023-01-31,670734619,6835340,0,0,175626.0,1102.0,0.0
2023-02-01,671032433,6838029,0,0,182414.0,1392.0,0.0
2023-02-02,671291518,6840773,0,0,179085.0,1604.0,0.0
2023-02-03,671529719,6843099,0,0,199915.0,1812.0,0.0
2023-02-04,671632496,6847048,0,0,98663.0,3932.0,0.0
2023-02-05,671721722,6847648,0,0,86290.0,598.0,0.0
2023-02-06,671867898,6848669,0,0,121854.0,830.0,0.0
2023-02-07,672065799,6849944,0,0,152831.0,811.0,0.0
2023-02-08,672296053,6851944,0,0,147716.0,949.0,0.0
2023-02-09,672555088,6854282,0,0,178540.0,1394.0,0.0
2023-02-10,672696324,6855415,0,0,129385.0,1029.0,0.0
2023-02-11,672828531,6856048,0,0,127875.0,597.0,0.0
2023-02-12,672906177,6856421,0,0,74309.0,365.0,0.0
2023-02-13,673044131,6857219,0,0,115004.0,629.0,0.0
2023-02-14,673237731,6858413,0,0,145974.0,752.0,0.0
2023-02-15,673477639,6859935,0,0,151991.0,948.0,0.0
2023-02-16,673685532,6862021,0,0,148691.0,1002.0,0.0
2023-02-17,673878833,6863875,0,0,145615.0,1135.0,0.0
2023-02-18,673969796,6864250,0,0,88277.0,358.0,0.0
2023-02-19,674056229,6864713,0,0,84987.0,462.0,0.0
2023-02-20,674143589,6865289,0,0,85404.0,504.0,0.0
2023-02-21,674323721,6866090,0,0,120054.0,452.0,0.0
2023-02-22,674569824,6867911,0,0,136785.0,971.0,0.0
2023-02-23,674790916,6869819,0,0,165807.0,1288.0,0.0
2023-02-24,674933342,6870808,0,0,129821.0,942.0,0.0
2023-02-25,674978793,6871026,0,0,42739.0,204.0,0.0
2023-02-26,675044414,6871270,0,0,64031.0,243.0,0.0
2023-02-27,675171439,6871810,0,0,110150.0,548.0,0.0
2023-02-28,675322238,6872684,0,0,107675.0,546.0,0.0
2023-03-01,675542852,6874465,0,0,131258.0,827.0,0.0
2023-03-02,675731911,6876033,0,0,134103.0,824.0,0.0
2023-03-03,675914580,6877327,0,0,124058.0,789.0,0.0
2023-03-04,675968775,6877603,0,0,52066.0,269.0,0.0
2023-03-05,676024901,6877751,0,0,59891.0,185.0,0.0
2023-03-06,676082941,6878117,0,0,49648.0,319.0,0.0
2023-03-07,676213378,6879040,0,0,95490.0,596.0,0.0
2023-03-08,676392824,6880485,0,0,115326.0,727.0,0.0
2023-03-09,676570149,6881804,0,0,131393.0,750.0,0.0
